DATETIME;USER;TAG;VALUE
2013-05-11@23:56:26;admin;LOGIN;
2013-05-11@23:56:43;admin;LOGOUT;
2013-05-11@23:56:54;kasi;LOGIN;
2013-05-11@23:56:57;kasi;"CHANGE ROLE";"user kasi mengganti role ke 2/1"
2013-05-11@23:57:00;kasi;LOGOUT;
2013-05-11@23:58:35;kk;LOGIN;
2013-05-11@23:58:48;kk;LOGOUT;
2013-05-12@11:31:18;huri;LOGIN;
2013-05-12@12:19:49;huri;LOGOUT;
2013-05-12@12:19:52;admin;LOGIN;
2013-05-12@12:37:19;admin;LOGOUT;
2013-05-12@12:37:25;huri;LOGIN;
2013-05-12@12:38:25;huri;LOGOUT;
2013-05-12@12:50:42;admin;LOGIN;
2013-05-12@12:51:18;admin;LOGOUT;
2013-05-12@12:51:24;kasi;LOGIN;
2013-05-12@13:59:27;kasi;LOGOUT;
2013-05-12@13:59:30;admin;LOGIN;
2013-05-12@13:59:40;admin;LOGOUT;
2013-05-12@13:59:43;huri;LOGIN;
2013-05-12@14:08:05;huri;LOGOUT;
2013-05-12@14:08:08;admin;LOGIN;
2013-05-12@14:11:31;admin;LOGOUT;
2013-05-12@14:11:34;kasi;LOGIN;
2013-05-12@14:17:42;kasi;LOGOUT;
2013-05-12@14:17:58;huri;LOGIN;
2013-05-12@14:18:52;huri;LOGOUT;
2013-05-12@14:18:55;admin;LOGIN;
2013-05-12@14:19:06;admin;LOGOUT;
2013-05-12@14:19:09;kasi;LOGIN;
2013-05-12@14:19:16;kasi;LOGOUT;
2013-05-12@14:19:21;huri;LOGIN;
2013-05-12@14:22:50;huri;LOGOUT;
2013-05-12@14:22:54;kk;LOGIN;
2013-05-13@15:48:19;huri;LOGIN;
2013-05-13@17:02:15;huri;LOGOUT;
2013-05-13@17:02:22;admin;LOGIN;
2013-05-13@17:02:54;admin;LOGOUT;
2013-05-13@17:03:01;marni;LOGIN;
2013-05-13@17:03:54;marni;LOGOUT;
2013-05-13@17:03:59;kasi;LOGIN;
2013-05-13@17:04:20;kasi;LOGOUT;
2013-05-13@17:04:25;mastri;LOGIN;
2013-05-13@17:05:05;mastri;LOGOUT;
2013-05-13@17:05:10;kasi;LOGIN;
2013-05-13@17:05:12;kasi;LOGOUT;
2013-05-13@17:16:26;mastri;LOGIN;
2013-05-13@19:13:53;mastri;LOGOUT;
2013-05-13@19:13:57;admin;LOGIN;
2013-05-13@20:01:20;admin;LOGOUT;
2013-05-13@20:01:23;kk;LOGIN;
2013-05-14@05:09:13;kk;LOGIN;
2013-05-14@05:09:27;kk;LOGOUT;
2013-05-14@05:09:31;kasi;LOGIN;
2013-05-14@05:09:36;kasi;"CHANGE ROLE";"user kasi mengganti role/bagian ke 2/1"
2013-05-14@05:09:38;kasi;LOGOUT;
2013-05-14@05:09:44;admin;LOGIN;
2013-05-14@05:11:12;admin;"REKAM SM";"user admin rekam surat masuk agenda SM0019"
2013-05-14@05:11:45;admin;LOGOUT;
2013-05-14@05:11:48;kk;LOGIN;
2013-05-14@05:12:42;kk;"REKAM DISPOSISI";"user kk rekam disposisi no agenda SM0019"
2013-05-14@05:12:55;kk;LOGOUT;
2013-05-14@05:13:05;kasi;LOGIN;
2013-05-14@05:13:34;kasi;"REKAM CATATAN KASI";"user kasi rekam catatan kasi no agenda SM0019"
2013-05-14@05:13:51;kasi;"CHANGE ROLE";"user kasi mengganti role/bagian ke 2/1"
2013-05-14@05:13:56;kasi;"CHANGE ROLE";"user kasi mengganti role/bagian ke 2/2"
2013-05-14@05:14:01;kasi;"CHANGE ROLE";"user kasi mengganti role/bagian ke 2/1"
2013-05-14@05:14:05;kasi;LOGOUT;
2013-05-14@05:14:09;huri;LOGIN;
2013-05-14@05:16:03;huri;LOGOUT;
2013-05-14@05:16:06;kasi;LOGIN;
2013-05-14@05:24:56;kasi;"REKAM CATATAN KASI";"user kasi rekam catatan kasi no agenda SM0019"
2013-05-14@05:25:00;kasi;LOGOUT;
2013-05-14@05:25:28;huri;LOGIN;
2013-05-14@05:31:44;huri;"REKAM SK";"user huri rekam surat keluar tujuan 260018"
2013-05-14@05:43:25;huri;"UBAH SK";"user huri ubah surat keluar tujuan: 45 perihal:Surat Dinas"
2013-05-14@05:47:12;huri;"REKAM REVISI";"user huri rekam revisi surat keluar id 45 nama file K_44_260010_3.docx"
2013-05-14@05:50:12;huri;"REKAM REVISI";"user huri rekam revisi surat keluar id 45 nama file K_45_260018.docx"
2013-05-14@05:53:33;huri;"REKAM REVISI";"user huri rekam revisi surat keluar id 45 nama file K_45_260018.docx"
2013-05-14@05:55:09;huri;"REKAM REVISI";"user huri rekam revisi surat keluar id 45 nama file K_45_260018_1.docx"
2013-05-14@05:57:37;huri;"REKAM REVISI";"user huri rekam revisi surat keluar id 45 nama file K_45_260018_2.docx"
2013-05-14@05:59:48;huri;"UBAH SK";"user huri ubah surat keluar tujuan: 45 perihal:Surat Dinas"
2013-05-14@06:00:01;huri;"UBAH SK";"user huri ubah surat keluar tujuan: 45 perihal:Surat Dinas"
2013-05-14@06:00:15;huri;LOGOUT;
2013-05-14@06:00:20;kasi;LOGIN;
2013-05-14@06:00:31;kasi;LOGOUT;
2013-05-14@06:00:35;kk;LOGIN;
2013-05-14@06:00:42;kk;LOGOUT;
2013-05-14@06:00:48;huri;LOGIN;
2013-05-14@06:01:19;huri;LOGOUT;
2013-05-14@06:01:22;kk;LOGIN;
2013-05-14@06:02:43;kk;LOGOUT;
2013-05-14@06:03:39;kk;LOGIN;
2013-05-14@08:51:27;admin;LOGIN;
2013-05-14@10:21:52;kk;LOGIN;
2013-05-14@10:36:50;kk;LOGOUT;
2013-05-14@10:36:56;admin;LOGIN;
2013-05-14@10:37:47;admin;"REKAM SM";"user admin rekam surat masuk agenda SM0020"
2013-05-14@10:37:58;admin;LOGOUT;
2013-05-14@10:38:09;kk;LOGIN;
2013-05-14@10:39:12;kk;"REKAM DISPOSISI";"user kk rekam disposisi no agenda SM0020"
2013-05-14@10:39:25;kk;LOGOUT;
2013-05-14@10:39:34;admin;LOGIN;
2013-05-14@10:40:15;admin;LOGOUT;
2013-05-14@10:40:19;kasi;LOGIN;
2013-05-14@10:40:38;kasi;"REKAM CATATAN KASI";"user kasi rekam catatan kasi no agenda SM0020"
2013-05-14@10:40:43;kasi;LOGOUT;
2013-05-14@10:40:50;huri;LOGIN;
2013-05-14@10:43:54;huri;UPLOAD;"user huri upload file surat no agenda SM0020 file:M_S-223_WPB.1_PK.12_2013_269001.pdf"
2013-05-14@10:46:56;huri;"REKAM SK";"user huri rekam surat keluar tujuan 308152"
2013-05-14@10:47:23;huri;LOGOUT;
2013-05-14@10:47:29;kasi;LOGIN;
2013-05-14@10:47:51;kasi;"REKAM REVISI";"user kasi rekam revisi surat keluar id 46 nama file K_46_308152.docx"
2013-05-14@10:48:17;kasi;LOGOUT;
2013-05-14@10:48:21;kk;LOGIN;
2013-05-14@10:48:28;kk;LOGOUT;
2013-05-14@10:48:37;huri;LOGIN;
2013-05-14@10:49:01;huri;LOGOUT;
2013-05-14@10:49:05;kk;LOGIN;
2013-05-14@10:52:51;kk;LOGOUT;
2013-05-14@10:52:55;kasi;LOGIN;
2013-05-14@10:55:01;kasi;LOGOUT;
2013-05-14@10:55:05;admin;LOGIN;
2013-05-14@11:01:21;admin;LOGOUT;
2013-05-14@11:01:25;kk;LOGIN;
2013-05-14@11:02:42;kk;LOGOUT;
2013-05-14@12:02:14;kk;LOGIN;
2013-05-14@12:30:59;kk;LOGOUT;
2013-05-14@12:31:04;admin;LOGIN;
2013-05-14@12:32:53;admin;LOGOUT;
2013-05-14@19:19:09;kk;LOGIN;
2013-05-14@19:21:28;kk;LOGOUT;
2013-05-14@19:21:31;admin;LOGIN;
2013-05-14@22:32:21;admin;LOGOUT;
2013-05-14@22:32:28;kk;LOGIN;
2013-05-15@13:58:45;kk;LOGIN;
2013-05-15@15:22:44;kk;LOGOUT;
2013-05-15@15:22:49;admin;LOGIN;
2013-05-16@11:29:00;kk;LOGIN;
2013-05-16@20:42:22;kk;LOGOUT;
2013-05-16@20:42:24;admin;LOGIN;
2013-05-16@20:42:32;admin;LOGOUT;
2013-05-16@20:42:36;kk;LOGIN;
2013-05-17@14:30:04;kk;LOGIN;
2013-05-17@22:20:48;kk;LOGIN;
2013-05-17@22:43:32;kk;LOGOUT;
2013-05-17@22:43:36;admin;LOGIN;
2013-05-19@12:24:54;admin;"REKAM SM";"user admin rekam surat masuk agenda SM0021"
2013-05-19@12:28:23;admin;"REKAM SM";"user admin rekam surat masuk agenda SM0021"
2013-05-19@12:29:23;admin;"REKAM SM";"user admin rekam surat masuk agenda SM0021"
2013-05-19@12:30:56;admin;"REKAM SM";"user admin rekam surat masuk agenda SM0022"
2013-05-19@12:33:29;admin;"REKAM SM";"user admin rekam surat masuk agenda SM0021"
2013-05-19@12:35:44;admin;"REKAM SM";"user admin rekam surat masuk agenda SM0022"
2013-05-19@12:36:23;admin;"REKAM SM";"user admin rekam surat masuk agenda SM0023"
2013-05-19@12:37:05;admin;"REKAM SM";"user admin rekam surat masuk agenda SM0024"
2013-05-19@12:40:59;admin;"REKAM SM";"user admin rekam surat masuk agenda SM0021"
2013-05-19@12:41:52;admin;"REKAM SM";"user admin rekam surat masuk agenda SM0021"
2013-05-19@12:42:26;admin;LOGOUT;
2013-05-19@12:42:28;admin;LOGIN;
2013-05-19@12:42:48;admin;"REKAM SM";"user admin rekam surat masuk agenda SM0022"
2013-05-20@17:59:28;admin;LOGOUT;
2013-05-20@17:59:42;admin;LOGIN;
2013-05-20@18:10:31;admin;LOGIN;
2013-05-20@18:12:44;admin;LOGOUT;
2013-05-20@18:13:01;mastri;LOGIN;
2013-05-20@18:13:48;mastri;LOGOUT;
2013-05-20@18:14:03;huri;LOGIN;
2013-05-20@18:18:55;huri;LOGOUT;
2013-05-20@18:19:11;admin;LOGIN;
2013-05-20@18:32:24;kk;LOGIN;
2013-05-20@18:32:37;kk;LOGOUT;
2013-05-20@18:32:39;admin;LOGIN;
2013-05-20@18:32:45;admin;LOGOUT;
2013-05-20@18:32:50;mastri;LOGIN;
2013-05-20@18:33:49;mastri;LOGOUT;
2013-05-20@18:33:52;admin;LOGIN;
2013-05-20@18:36:22;admin;LOGOUT;
2013-05-20@18:36:33;kasi;LOGIN;
2013-05-20@18:36:38;kasi;"CHANGE ROLE";"user kasi mengganti role/bagian ke 2/1"
2013-05-20@18:37:44;kasi;LOGOUT;
2013-05-20@18:37:46;admin;LOGIN;
2013-05-20@18:38:17;admin;LOGOUT;
2013-05-20@18:38:20;kasi;LOGIN;
2013-05-20@18:38:22;kasi;"CHANGE ROLE";"user kasi mengganti role/bagian ke 2/1"
2013-05-20@21:07:48;kasi;LOGIN;
2013-05-21@00:46:41;kasi;LOGOUT;
2013-05-21@00:48:08;admin;LOGIN;
2013-05-21@00:49:05;admin;"REKAM SM";"user admin rekam surat masuk agenda SM0021"
2013-05-21@00:49:32;admin;"REKAM SM";"user admin rekam surat masuk agenda SM0022"
2013-05-21@00:50:16;admin;"REKAM SM";"user admin rekam surat masuk agenda SM0023"
2013-05-21@00:51:05;admin;"REKAM SM";"user admin rekam surat masuk agenda SM0024"
2013-05-21@00:53:55;admin;LOGOUT;
2013-05-21@00:53:57;kasi;LOGIN;
2013-05-21@00:53:59;kasi;"CHANGE ROLE";"user kasi mengganti role/bagian ke 2/1"
2013-05-21@00:54:11;kasi;"UBAH SM";"user kasi ubah surat masuk no agenda SM0020"
2013-05-21@00:55:07;kasi;"UBAH SM";"user kasi ubah surat masuk no agenda SM0020"
2013-05-21@00:58:56;kasi;"UBAH SM";"user kasi ubah surat masuk no agenda SM0020"
2013-05-21@01:05:06;kasi;"UBAH SM";"user kasi ubah surat masuk no agenda SM0020"
2013-05-21@01:05:26;kasi;"DELETE SM";"user kasi menghapus surat masuk no agenda"
2013-05-21@01:05:52;kasi;LOGOUT;
2013-05-21@01:05:57;admin;LOGIN;
2013-05-21@01:07:26;admin;LOGOUT;
2013-05-21@01:07:32;huri;LOGIN;
2013-05-21@01:07:48;huri;LOGOUT;
2013-05-21@01:07:51;kk;LOGIN;
2013-05-21@01:08:14;kk;"REKAM DISPOSISI";"user kk rekam disposisi no agenda SM0017"
2013-05-21@01:09:06;kk;"REKAM DISPOSISI";"user kk rekam disposisi no agenda SM0016"
2013-05-21@01:10:28;kk;LOGOUT;
2013-05-21@01:10:33;kasi;LOGIN;
2013-05-21@01:10:52;kasi;"REKAM CATATAN KASI";"user kasi rekam catatan kasi no agenda SM0019"
2013-05-21@01:12:43;kasi;LOGOUT;
2013-05-21@01:12:46;admin;LOGIN;
2013-05-21@01:13:13;admin;LOGOUT;
2013-05-21@01:13:19;mastri;LOGIN;
2013-05-21@01:14:03;mastri;LOGOUT;
2013-05-21@01:14:07;admin;LOGIN;
2013-05-21@01:15:02;admin;LOGOUT;
2013-05-21@01:15:07;mastri;LOGIN;
2013-05-21@01:15:41;mastri;"REKAM REVISI";"user mastri rekam revisi surat keluar id 44 nama file K_44_260010_3.docx"
2013-05-21@01:18:35;mastri;"REKAM REVISI";"user mastri rekam revisi surat keluar id 44 nama file K_44_260010_4.docx"
2013-05-21@01:20:51;mastri;"REKAM REVISI";"user mastri rekam revisi surat keluar id 44 nama file K_44_260010_5.docx"
2013-05-21@01:22:25;mastri;"REKAM SK";"user mastri rekam surat keluar tujuan 260010"
2013-05-21@01:23:36;mastri;"REKAM SK";"user mastri rekam surat keluar tujuan 269001"
2013-05-21@01:24:17;mastri;"UBAH SK";"user mastri ubah surat keluar tujuan: 48 perihal:sdassdfsdfsafdsafas"
2013-05-21@01:26:26;mastri;"UBAH SK";"user mastri ubah surat keluar tujuan: 48 perihal:sdassdfsdfsafdsafas"
2013-05-21@01:26:52;mastri;LOGOUT;
2013-05-21@01:26:56;kasi;LOGIN;
2013-05-21@01:27:05;kasi;"HAPUS SK";"user kasi hapus surat keluar id 48"
2013-05-21@01:28:11;kasi;"HAPUS SK";"user kasi hapus surat keluar id 48"
2013-05-21@01:30:58;kasi;LOGOUT;
2013-05-21@01:31:03;mastri;LOGIN;
2013-05-21@01:32:49;mastri;LOGOUT;
2013-05-21@01:32:54;admin;LOGIN;
2013-05-21@04:54:01;mastri;LOGIN;
2013-05-21@05:40:13;mastri;LOGOUT;
2013-05-21@05:40:17;kk;LOGIN;
2013-05-21@05:42:41;kk;LOGOUT;
2013-05-21@05:42:45;admin;LOGIN;
2013-05-21@10:57:00;admin;"REKAM SM";"user admin rekam surat masuk agenda SM0020"
2013-05-21@10:58:33;admin;"REKAM SM";"user admin rekam surat masuk agenda SM0021"
2013-05-21@10:58:39;admin;"REKAM SM";"user admin rekam surat masuk agenda SM0021"
2013-05-21@10:59:47;admin;"REKAM SM";"user admin rekam surat masuk agenda SM0021"
2013-05-21@11:03:53;admin;"REKAM SM";"user admin rekam surat masuk agenda SM0022"
2013-05-21@11:04:31;admin;"REKAM SM";"user admin rekam surat masuk agenda SM0023"
2013-05-21@12:23:29;admin;"REKAM SM";"user admin rekam surat masuk agenda SM0024"
2013-05-21@12:24:51;admin;"REKAM SM";"user admin rekam surat masuk agenda SM0025"
2013-05-21@12:25:32;admin;"REKAM SM";"user admin rekam surat masuk agenda SM0020"
2013-05-21@12:27:41;admin;"REKAM SM";"user admin rekam surat masuk agenda SM0021"
2013-05-21@12:28:57;admin;"REKAM SM";"user admin rekam surat masuk agenda SM0022"
2013-05-21@12:29:41;admin;"REKAM SM";"user admin rekam surat masuk agenda SM0023"
2013-05-21@20:38:30;kasi;LOGIN;
2013-05-21@20:38:43;kasi;"CHANGE ROLE";"user kasi mengganti role/bagian ke 2/1"
2013-05-21@20:38:56;kasi;"REKAM SM";"user kasi rekam surat masuk agenda SM0023"
2013-05-21@20:39:36;kasi;"REKAM SM";"user kasi rekam surat masuk agenda SM0023"
2013-05-21@20:40:23;kasi;"REKAM SM";"user kasi rekam surat masuk agenda SM0023"
2013-05-21@20:40:44;kasi;"REKAM SM";"user kasi rekam surat masuk agenda SM0023"
2013-05-21@20:42:09;kasi;"DELETE SM";"user kasi menghapus surat masuk no agenda"
2013-05-21@20:42:12;kasi;"DELETE SM";"user kasi menghapus surat masuk no agenda"
2013-05-21@20:42:16;kasi;"DELETE SM";"user kasi menghapus surat masuk no agenda"
2013-05-21@20:42:23;kasi;"DELETE SM";"user kasi menghapus surat masuk no agenda"
2013-05-21@20:43:03;kasi;"UBAH SM";"user kasi ubah surat masuk no agenda "
2013-05-21@20:43:59;kasi;"UBAH SM";"user kasi ubah surat masuk no agenda "
2013-05-21@20:44:33;kasi;"UBAH SM";"user kasi ubah surat masuk no agenda "
2013-05-21@20:45:10;kasi;"UBAH SM";"user kasi ubah surat masuk no agenda "
2013-05-21@20:45:35;kasi;"UBAH SM";"user kasi ubah surat masuk no agenda "
2013-05-21@20:47:47;kasi;"UBAH SM";"user kasi ubah surat masuk no agenda "
2013-05-21@20:47:48;kasi;"UBAH SM";"user kasi ubah surat masuk no agenda "
2013-05-21@20:47:49;kasi;"UBAH SM";"user kasi ubah surat masuk no agenda "
2013-05-21@20:47:50;kasi;"UBAH SM";"user kasi ubah surat masuk no agenda "
2013-05-21@20:47:52;kasi;"UBAH SM";"user kasi ubah surat masuk no agenda "
2013-05-21@20:47:54;kasi;"UBAH SM";"user kasi ubah surat masuk no agenda "
2013-05-21@20:49:05;kasi;"UBAH SM";"user kasi ubah surat masuk no agenda "
2013-05-21@20:49:50;kasi;"UBAH SM";"user kasi ubah surat masuk no agenda SM0023"
2013-05-21@20:50:02;kasi;"UBAH SM";"user kasi ubah surat masuk no agenda SM0023"
2013-05-21@21:04:34;kasi;LOGOUT;
2013-05-21@21:04:37;kk;LOGIN;
2013-05-21@23:08:30;kk;LOGIN;
2013-05-21@23:32:36;kk;"REKAM DISPOSISI";"user kk rekam disposisi no agenda SM0023"
2013-05-21@23:34:15;kk;"REKAM DISPOSISI";"user kk rekam disposisi no agenda SM0023"
2013-05-21@23:35:50;kk;"REKAM DISPOSISI";"user kk rekam disposisi no agenda SM0023"
2013-05-21@23:36:45;kk;"REKAM DISPOSISI";"user kk rekam disposisi no agenda SM0023"
2013-05-21@23:37:24;kk;"REKAM DISPOSISI";"user kk rekam disposisi no agenda SM0023"
2013-05-21@23:40:09;kk;"REKAM DISPOSISI";"user kk rekam disposisi no agenda SM0023"
2013-05-21@23:51:07;kk;LOGOUT;
2013-05-22@00:11:35;kk;LOGIN;
2013-05-22@00:11:37;kk;LOGIN;
2013-05-22@00:11:39;kk;LOGIN;
2013-05-22@00:16:13;kk;LOGIN;
2013-05-22@00:16:48;kk;LOGOUT;
2013-05-22@00:27:48;huri;LOGIN;
2013-05-22@00:27:50;huri;LOGOUT;
2013-05-22@00:27:56;kk;LOGIN;
2013-05-22@00:27:57;kk;LOGOUT;
2013-05-22@00:29:25;kk;LOGIN;
2013-05-22@00:29:27;kk;LOGOUT;
2013-05-22@00:57:52;admin;LOGIN;
2013-05-22@00:59:53;admin;LOGOUT;
2013-05-22@05:11:26;kk;LOGIN;
2013-05-22@05:12:03;kk;LOGOUT;
2013-05-22@05:12:07;admin;LOGIN;
2013-05-22@05:21:34;admin;LOGOUT;
2013-05-22@05:23:10;kk;LOGIN;
2013-05-22@08:44:37;kk;LOGIN;
2013-05-22@16:12:52;kk;LOGIN;
2013-05-22@16:31:16;kk;LOGOUT;
2013-05-22@16:31:18;admin;LOGIN;
2013-05-22@16:31:47;admin;LOGOUT;
2013-05-22@16:31:51;kk;LOGIN;
2013-05-22@16:59:51;kk;LOGOUT;
2013-05-22@16:59:53;admin;LOGIN;
2013-05-22@21:14:27;kk;LOGIN;
2013-05-22@21:16:10;kk;LOGOUT;
2013-05-22@21:16:15;mastri;LOGIN;
2013-05-22@21:22:17;mastri;LOGOUT;
2013-05-22@21:22:18;admin;LOGIN;
2013-05-22@21:24:54;admin;LOGOUT;
2013-05-22@21:24:55;admin;LOGIN;
2013-05-22@21:26:25;admin;LOGOUT;
2013-05-22@21:26:30;mastri;LOGIN;
2013-05-22@22:45:22;mastri;LOGOUT;
2013-05-22@22:45:26;kk;LOGIN;
2013-05-22@23:24:44;kk;"UBAH DISPOSISI";"user kk rekam disposisi no agenda SM0023"
2013-05-22@23:30:28;kk;"UBAH DISPOSISI";"user kk rekam disposisi no agenda SM0023"
2013-05-22@23:31:48;kk;"UBAH DISPOSISI";"user kk rekam disposisi no agenda SM0023"
2013-05-22@23:34:25;kk;"UBAH DISPOSISI";"user kk rekam disposisi no agenda SM0023"
2013-05-22@23:36:57;kk;"UBAH DISPOSISI";"user kk rekam disposisi no agenda SM0023"
2013-05-23@00:03:44;kk;LOGOUT;
2013-05-23@00:03:52;huri;LOGIN;
2013-05-23@01:39:03;huri;LOGOUT;
2013-05-23@19:40:21;admin;LOGIN;
2013-05-23@23:14:26;kk;LOGIN;
2013-05-23@23:14:30;kk;LOGOUT;
2013-05-23@23:14:34;kasi;LOGIN;
2013-05-23@23:14:45;kasi;LOGOUT;
2013-05-23@23:14:51;mastri;LOGIN;
2013-05-23@23:14:53;mastri;LOGOUT;
2013-05-23@23:14:56;huri;LOGIN;
2013-05-23@23:15:05;huri;LOGOUT;
2013-05-23@23:15:10;admin;LOGIN;
2013-05-23@23:15:49;admin;"REKAM SM";"user admin rekam surat masuk agenda SM0024"
2013-05-23@23:16:24;admin;LOGOUT;
2013-05-23@23:16:29;kk;LOGIN;
2013-05-23@23:16:58;kk;"UBAH DISPOSISI";"user kk rekam disposisi no agenda SM0024"
2013-05-23@23:18:12;kk;"UBAH DISPOSISI";"user kk rekam disposisi no agenda SM0024"
2013-05-23@23:23:24;kk;"UBAH DISPOSISI";"user kk rekam disposisi no agenda SM0024"
2013-05-23@23:24:07;kk;"REKAM DISPOSISI";"user kk rekam disposisi no agenda SM0024"
2013-05-23@23:24:16;kk;LOGOUT;
2013-05-23@23:24:20;kasi;LOGIN;
2013-05-23@23:24:33;kasi;"CHANGE ROLE";"user kasi mengganti role/bagian ke 2/1"
2013-05-23@23:24:57;kasi;"UBAH SM";"user kasi ubah surat masuk no agenda SM0024"
2013-05-23@23:25:39;kasi;"CHANGE ROLE";"user kasi mengganti role/bagian ke 2/2"
2013-05-23@23:28:03;kasi;"REKAM CATATAN KASI";"user kasi rekam catatan kasi no agenda SM0024"
2013-05-23@23:28:16;kasi;LOGOUT;
2013-05-23@23:28:22;mastri;LOGIN;
2013-05-23@23:29:17;mastri;UPLOAD;"user mastri upload file surat no agenda SM0024 file:M_ND-20_KP_2013_308152.pdf"
2013-05-23@23:32:00;mastri;"REKAM SK";"user mastri rekam surat keluar tujuan 260018"
2013-05-23@23:33:19;mastri;"REKAM REVISI";"user mastri rekam revisi surat keluar id 48 nama file K_48_260018.docx"
2013-05-23@23:36:28;mastri;"UBAH SK";"user mastri ubah surat keluar tujuan: 48 perihal:Jawaban Nota Dinas"
2013-05-23@23:36:54;mastri;"UBAH SK";"user mastri ubah surat keluar tujuan: 48 perihal:Jawaban Nota Dinas"
2013-05-23@23:44:31;mastri;"UBAH SK";"user mastri ubah surat keluar tujuan: 48 perihal:Jawaban Nota Dinas"
2013-05-23@23:45:42;mastri;"UBAH SK";"user mastri ubah surat keluar tujuan: 48 perihal:Jawaban Nota Dinas"
2013-05-23@23:48:21;mastri;"UBAH SK";"user mastri ubah surat keluar tujuan: 48 perihal:Jawaban Nota Dinas"
2013-05-23@23:49:24;mastri;"UBAH SK";"user mastri ubah surat keluar tujuan: 48 perihal:Jawaban Nota Dinas"
2013-05-23@23:56:57;mastri;"UBAH SK";"user mastri ubah surat keluar tujuan: 48 perihal:Jawaban Nota Dinas"
2013-05-23@23:58:55;mastri;"UBAH SK";"user mastri ubah surat keluar tujuan: 48 perihal:Jawaban Nota Dinas"
2013-05-23@23:59:51;mastri;"REKAM SK";"user mastri rekam surat keluar tujuan 269002"
2013-05-24@00:00:22;mastri;LOGOUT;
2013-05-24@00:00:26;kasi;LOGIN;
2013-05-24@00:01:19;kasi;"UBAH SK";"user kasi ubah surat keluar tujuan: 49 perihal:Surat Tugas Diklat an Firman"
2013-05-24@00:01:33;kasi;"UBAH SK";"user kasi ubah surat keluar tujuan: 49 perihal:Surat Tugas Diklat an Firman"
2013-05-24@00:01:44;kasi;"HAPUS SK";"user kasi hapus surat keluar id 49"
2013-05-24@00:02:12;kasi;"REKAM REVISI";"user kasi rekam revisi surat keluar id 48 nama file K_48_260018_1.pdf"
2013-05-24@00:03:46;kasi;"REKAM REVISI";"user kasi rekam revisi surat keluar id 48 nama file K_48_260018_2.pdf"
2013-05-24@00:11:43;kasi;"REKAM REVISI";"user kasi rekam revisi surat keluar id 48 nama file K_48_260018_3.pdf"
2013-05-24@00:13:04;kasi;"REKAM REVISI";"user kasi rekam revisi surat keluar id 48 nama file K_48_260018_4.pdf"
2013-05-24@00:13:27;kasi;"REKAM REVISI";"user kasi rekam revisi surat keluar id 48 nama file K_48_260018_5.pdf"
2013-05-24@00:13:53;kasi;"REKAM REVISI";"user kasi rekam revisi surat keluar id 48 nama file K_48_260018_6.pdf"
2013-05-24@00:14:05;kasi;"REKAM REVISI";"user kasi rekam revisi surat keluar id 48 nama file K_48_260018_7.pdf"
2013-05-24@00:14:24;kasi;"REKAM REVISI";"user kasi rekam revisi surat keluar id 48 nama file K_48_260018_8.pdf"
2013-05-24@00:15:15;kasi;"REKAM REVISI";"user kasi rekam revisi surat keluar id 48 nama file K_48_260018_9.pdf"
2013-05-24@00:16:44;kasi;"REKAM REVISI";"user kasi rekam revisi surat keluar id 48 nama file K_48_260018_1.pdf"
2013-05-24@00:17:41;kasi;"REKAM REVISI";"user kasi rekam revisi surat keluar id 48 nama file K_48_260018_2.pdf"
2013-05-24@00:18:59;kasi;"REKAM REVISI";"user kasi rekam revisi surat keluar id 48 nama file K_48_260018_1.pdf"
2013-05-24@00:19:31;kasi;"REKAM REVISI";"user kasi rekam revisi surat keluar id 48 nama file K_48_260018_2.pdf"
2013-05-24@00:21:43;kasi;"REKAM REVISI";"user kasi rekam revisi surat keluar id 48 nama file K_48_260018.pdf"
2013-05-24@00:23:19;kasi;"UBAH SK";"user kasi ubah surat keluar tujuan: 48 perihal:Jawaban Nota Dinas"
2013-05-24@00:24:02;kasi;"REKAM REVISI";"user kasi rekam revisi surat keluar id 48 nama file K_48_260018_1.docx"
2013-05-24@00:24:56;kasi;"UBAH SK";"user kasi ubah surat keluar tujuan: 48 perihal:Jawaban Nota Dinas"
2013-05-24@00:25:10;kasi;LOGOUT;
2013-05-24@00:25:15;kk;LOGIN;
2013-05-24@00:25:23;kk;LOGOUT;
2013-05-24@00:25:28;mastri;LOGIN;
2013-05-24@00:26:07;mastri;LOGOUT;
2013-05-24@00:26:11;kasi;LOGIN;
2013-05-24@00:26:57;kasi;LOGOUT;
2013-05-24@06:41:45;admin;LOGIN;
2013-05-24@06:43:13;admin;LOGOUT;
2013-05-24@07:35:48;huri;LOGIN;
2013-05-24@07:36:46;huri;"REKAM SK";"user huri rekam surat keluar tujuan 308152"
2013-05-24@07:40:25;huri;"REKAM SK";"user huri rekam surat keluar tujuan 308152"
2013-05-24@07:40:50;huri;"UBAH SK";"user huri ubah surat keluar tujuan: 50 perihal:Surat Tugas Diklat an Martius"
2013-05-24@07:41:04;huri;"UBAH SK";"user huri ubah surat keluar tujuan: 50 perihal:Surat Tugas Diklat an Martius"
2013-05-24@07:41:13;huri;"UBAH SK";"user huri ubah surat keluar tujuan: 50 perihal:Surat Tugas Diklat an Martius"
2013-05-24@07:41:19;huri;"UBAH SK";"user huri ubah surat keluar tujuan: 50 perihal:Surat Tugas Diklat an Martius"
2013-05-24@07:42:49;huri;"UBAH SK";"user huri ubah surat keluar tujuan: 50 perihal:Surat Tugas Diklat an Martius"
2013-05-24@07:42:56;huri;"UBAH SK";"user huri ubah surat keluar tujuan: 50 perihal:Surat Tugas Diklat an Martius"
2013-05-24@07:42:59;huri;"UBAH SK";"user huri ubah surat keluar tujuan: 50 perihal:Surat Tugas Diklat an Martius"
2013-05-24@07:43:02;huri;"UBAH SK";"user huri ubah surat keluar tujuan: 50 perihal:Surat Tugas Diklat an Martius"
2013-05-24@07:44:54;huri;LOGOUT;
2013-05-24@07:44:55;admin;LOGIN;
2013-05-24@07:45:47;admin;LOGOUT;
2013-05-24@07:45:53;kasi;LOGIN;
2013-05-24@07:45:55;kasi;"CHANGE ROLE";"user kasi mengganti role/bagian ke 2/1"
2013-05-24@07:46:47;kasi;"CHANGE ROLE";"user kasi mengganti role/bagian ke 2/2"
2013-05-24@10:55:51;kasi;LOGOUT;
2013-05-24@10:55:59;admin;LOGIN;
2013-05-24@10:57:27;admin;"REKAM SM";"user admin rekam surat masuk agenda SM0025"
2013-05-24@10:57:36;admin;LOGOUT;
2013-05-24@10:57:50;kk;LOGIN;
2013-05-24@10:58:18;kk;LOGOUT;
2013-05-24@10:58:20;admin;LOGIN;
2013-05-24@10:59:59;admin;LOGOUT;
2013-05-24@11:00:05;kk;LOGIN;
2013-05-24@11:00:45;kk;"REKAM DISPOSISI";"user kk rekam disposisi no agenda SM0025"
2013-05-24@11:01:05;kk;LOGOUT;
2013-05-24@11:01:15;marni;LOGIN;
2013-05-24@11:01:31;marni;LOGOUT;
2013-05-24@11:01:37;kasi;LOGIN;
2013-05-24@11:01:48;kasi;"CHANGE ROLE";"user kasi mengganti role/bagian ke 2/1"
2013-05-24@11:01:49;kasi;"CHANGE ROLE";"user kasi mengganti role/bagian ke 2/2"
2013-05-24@11:05:14;kasi;"CHANGE ROLE";"user kasi mengganti role/bagian ke 2/1"
2013-05-24@11:05:57;kasi;LOGOUT;
2013-05-24@11:06:00;admin;LOGIN;
2013-05-24@11:07:13;admin;LOGOUT;
2013-05-24@11:07:19;kk;LOGIN;
2013-05-24@11:08:45;kk;LOGOUT;
2013-05-24@11:08:55;kasi;LOGIN;
2013-05-24@11:09:46;kasi;"CHANGE ROLE";"user kasi mengganti role/bagian ke 2/1"
2013-05-24@11:10:56;kasi;LOGOUT;
2013-05-24@11:10:58;admin;LOGIN;
2013-05-24@11:17:45;admin;LOGOUT;
2013-05-24@11:17:56;kk;LOGIN;
2013-05-24@11:21:35;kk;LOGOUT;
2013-05-24@13:03:56;admin;LOGIN;
2013-05-24@13:04:40;admin;LOGOUT;
2013-05-28@06:03:14;kk;LOGIN;
2013-05-28@06:03:18;kk;LOGOUT;
2013-05-28@06:03:24;kk;LOGIN;
2013-05-28@06:04:54;kk;LOGOUT;
2013-05-28@06:05:03;kasi;LOGIN;
2013-05-28@06:05:08;kasi;"CHANGE ROLE";"user kasi mengganti role/bagian ke 2/1"
2013-05-28@06:05:11;kasi;"CHANGE ROLE";"user kasi mengganti role/bagian ke 2/2"
2013-05-29@08:14:54;kk;LOGIN;
2013-05-29@09:22:01;kk;LOGOUT;
2013-05-29@09:22:04;admin;LOGIN;
2013-05-29@09:31:16;admin;"REKAM SM";"user admin rekam surat masuk agenda SM0026"
2013-05-29@09:35:05;admin;"REKAM SM";"user admin rekam surat masuk agenda SM0026"
2013-05-29@11:04:57;admin;LOGOUT;
2013-05-29@11:05:05;kasi;LOGIN;
2013-05-29@11:05:09;kasi;"CHANGE ROLE";"user kasi mengganti role/bagian ke 2/1"
2013-05-29@20:31:53;mastri;LOGIN;
2013-05-29@21:05:44;mastri;LOGOUT;
2013-05-29@21:05:48;kasi;LOGIN;
2013-05-29@21:31:23;kasi;LOGOUT;
2013-05-29@21:31:28;mastri;LOGIN;
2013-05-30@00:53:16;mastri;LOGOUT;
2013-05-30@00:53:17;admin;LOGIN;
2013-05-30@09:34:29;admin;LOGIN;
2013-05-30@10:05:03;admin;LOGOUT;
2013-05-30@15:29:29;admin;LOGIN;
2013-05-30@15:34:16;admin;LOGOUT;
2013-05-30@15:43:10;kk;LOGIN;
2013-05-30@15:43:12;kk;LOGOUT;
2013-05-30@15:43:14;admin;LOGIN;
2013-05-30@15:43:15;admin;LOGIN;
2013-05-30@15:43:15;admin;LOGIN;
2013-05-30@15:43:16;admin;LOGIN;
2013-05-30@15:44:08;admin;LOGIN;
2013-05-30@15:44:11;admin;LOGIN;
2013-05-30@15:44:14;admin;LOGIN;
2013-05-30@15:44:25;admin;LOGIN;
2013-05-30@15:44:26;admin;LOGIN;
2013-05-30@15:45:01;admin;LOGIN;
2013-05-30@15:45:02;admin;LOGIN;
2013-05-30@15:45:02;admin;LOGIN;
2013-05-30@15:45:02;admin;LOGIN;
2013-05-30@15:45:03;admin;LOGIN;
2013-05-30@15:45:03;admin;LOGIN;
2013-05-30@15:45:04;admin;LOGIN;
2013-05-30@15:45:04;admin;LOGIN;
2013-05-30@15:45:04;admin;LOGIN;
2013-05-30@15:45:06;admin;LOGIN;
2013-05-30@15:45:06;admin;LOGIN;
2013-05-30@15:45:06;admin;LOGIN;
2013-05-30@15:46:07;admin;LOGIN;
2013-05-30@15:46:09;admin;LOGOUT;
2013-05-30@15:46:19;admin;LOGIN;
2013-05-30@15:46:24;admin;LOGOUT;
2013-05-30@15:46:28;kk;LOGIN;
2013-05-30@15:46:29;kk;LOGOUT;
2013-05-30@15:50:15;admin;LOGIN;
2013-05-31@10:35:50;admin;LOGIN;
2013-05-31@19:24:46;admin;LOGOUT;
2013-05-31@19:24:51;mastri;LOGIN;
2013-05-31@19:25:10;mastri;UPLOAD;"user mastri upload file surat no agenda SM0024 file:M_ND-20_KP_2013_308152.pdf"
2013-05-31@19:27:57;mastri;UPLOAD;"user mastri upload file surat no agenda SM0024 file:M_ND-20_KP_2013_308152.pdf"
2013-05-31@19:52:04;mastri;UPLOAD;"user mastri upload file surat no agenda SM0024 file:M_ND-20_KP_2013_308152.pdf"
2013-05-31@19:53:37;mastri;UPLOAD;"user mastri upload file surat no agenda SM0024 file:M_ND-20_KP_2013_308152.pdf"
2013-05-31@19:53:55;mastri;UPLOAD;"user mastri upload file surat no agenda SM0024 file:M_ND-20_KP_2013_308152.pdf"
2013-05-31@20:23:45;mastri;UPLOAD;"user mastri upload file surat no agenda SM0024 file:M_ND-20_KP_2013_308152.pdf"
2013-05-31@21:44:30;mastri;"UBAH SK";"user mastri ubah surat keluar tujuan: 50 perihal:Jawaban Nota Dinas"
2013-06-01@18:36:32;kk;LOGIN;
2013-06-02@14:34:47;mastri;LOGIN;
2013-06-02@14:35:00;mastri;UPLOAD;"user mastri upload file surat no agenda SM0024 file:M_ND-20_KP_2013_308152.pdf"
2013-06-02@17:16:24;mastri;LOGIN;
2013-06-02@20:16:57;mastri;LOGOUT;
2013-06-02@20:16:59;admin;LOGIN;
2013-06-02@20:17:08;admin;LOGOUT;
2013-06-02@20:17:12;mastri;LOGIN;
2013-06-02@20:34:58;mastri;"REKAM REVISI";"user mastri rekam revisi surat keluar id 48 nama file K_48_260018_6.docx"
2013-06-02@21:52:10;mastri;LOGOUT;
2013-06-02@21:52:19;kk;LOGIN;
2013-06-02@21:53:00;kk;LOGOUT;
2013-06-02@21:53:04;kk;LOGIN;
2013-06-02@21:53:48;kk;LOGOUT;
2013-06-02@21:53:53;mastri;LOGIN;
2013-06-02@21:55:55;mastri;LOGOUT;
2013-06-02@21:55:56;admin;LOGIN;
2013-06-02@22:59:36;admin;LOGOUT;
2013-06-02@22:59:43;mastri;LOGIN;
2013-06-02@23:12:35;mastri;LOGOUT;
2013-06-02@23:12:39;kasi;LOGIN;
2013-06-02@23:20:18;kasi;LOGOUT;
2013-06-02@23:20:24;mastri;LOGIN;
2013-06-02@23:20:33;mastri;LOGOUT;
2013-06-02@23:20:38;admin;LOGIN;
2013-06-02@23:45:54;admin;LOGOUT;
2013-06-02@23:45:59;mastri;LOGIN;
2013-06-03@08:59:06;kasi;LOGIN;
2013-06-03@10:41:01;admin;LOGIN;
2013-06-03@10:41:19;admin;LOGOUT;
2013-06-03@10:41:24;kasi;LOGIN;
2013-06-03@11:31:54;kasi;LOGOUT;
2013-06-03@11:31:56;admin;LOGIN;
2013-06-03@12:22:10;admin;LOGOUT;
2013-06-03@12:22:15;mastri;LOGIN;
2013-06-03@12:28:15;mastri;LOGOUT;
2013-06-03@12:28:17;admin;LOGIN;
2013-06-03@12:28:37;admin;LOGOUT;
2013-06-03@12:28:42;mastri;LOGIN;
2013-06-03@13:36:33;mastri;LOGOUT;
2013-06-03@13:36:39;kasi;LOGIN;
2013-06-03@13:54:19;kasi;LOGOUT;
2013-06-03@13:54:24;mastri;LOGIN;
2013-06-03@15:35:28;mastri;LOGOUT;
2013-06-03@15:35:32;kasi;LOGIN;
2013-06-03@15:35:37;kasi;"CHANGE ROLE";"user kasi mengganti role/bagian ke 2/1"
2013-06-03@15:38:40;kasi;"CHANGE ROLE";"user kasi mengganti role/bagian ke 2/2"
2013-06-03@15:41:23;kasi;"CHANGE ROLE";"user kasi mengganti role/bagian ke 2/1"
2013-06-03@15:41:38;kasi;"CHANGE ROLE";"user kasi mengganti role/bagian ke 2/2"
2013-06-03@15:41:40;kasi;"CHANGE ROLE";"user kasi mengganti role/bagian ke 2/1"
2013-06-03@15:41:57;kasi;LOGOUT;
2013-06-03@15:41:59;admin;LOGIN;
2013-06-03@15:42:56;admin;LOGOUT;
2013-06-03@15:43:02;mastri;LOGIN;
2013-06-03@15:55:20;mastri;LOGOUT;
2013-06-03@15:55:46;admin;LOGIN;
2013-06-03@16:21:32;admin;LOGOUT;
2013-06-03@16:21:39;mastri;LOGIN;
2013-06-03@16:23:25;mastri;LOGOUT;
2013-06-03@16:24:24;subagum;LOGIN;
2013-06-03@16:25:21;subagum;LOGOUT;
2013-06-03@16:25:39;admin;LOGIN;
2013-06-03@16:26:20;admin;LOGOUT;
2013-06-03@16:30:34;admin;LOGIN;
2013-06-03@16:34:38;admin;LOGOUT;
2013-06-03@22:00:41;admin;LOGIN;
2013-06-03@23:16:41;admin;LOGOUT;
2013-06-03@23:34:40;admin;LOGIN;
2013-06-04@10:46:20;kasi;LOGIN;
2013-06-04@10:46:35;kasi;"CHANGE ROLE";"user kasi mengganti role/bagian ke 2/1"
2013-06-04@10:56:05;kasi;LOGOUT;
2013-06-04@10:56:07;admin;LOGIN;
2013-06-04@11:06:55;admin;LOGOUT;
2013-06-04@11:07:00;mastri;LOGIN;
2013-06-04@11:12:49;mastri;LOGOUT;
2013-06-04@11:12:53;kk;LOGIN;
2013-06-04@11:31:22;kk;LOGOUT;
2013-06-04@11:31:27;kasi;LOGIN;
2013-06-04@13:54:02;kasi;LOGOUT;
2013-06-04@13:54:06;mastri;LOGIN;
2013-06-04@14:51:25;mastri;LOGIN;
2013-06-04@19:59:31;admin;LOGIN;
2013-06-04@20:07:30;admin;LOGOUT;
2013-06-04@20:07:35;mastri;LOGIN;
2013-06-04@22:57:27;mastri;LOGOUT;
2013-06-04@22:57:32;kasi;LOGIN;
2013-06-04@23:42:07;kasi;LOGOUT;
2013-06-04@23:42:09;admin;LOGIN;
2013-06-05@07:50:47;admin;LOGIN;
2013-06-05@09:32:47;admin;LOGOUT;
2013-06-05@09:32:55;kasi;LOGIN;
2013-06-05@18:21:17;kk;LOGIN;
2013-06-05@20:09:42;kk;LOGOUT;
2013-06-05@22:03:44;admin;LOGIN;
2013-06-05@22:07:49;admin;LOGOUT;
2013-06-05@22:07:54;kk;LOGIN;
2013-06-05@22:09:29;kk;LOGOUT;
2013-06-05@22:09:31;admin;LOGIN;
2013-06-07@08:47:02;admin;LOGIN;
2013-06-08@00:30:50;admin;LOGIN;
2013-06-08@00:59:49;admin;LOGOUT;
2013-06-08@01:00:24;admin;LOGIN;
2013-06-08@01:02:18;admin;LOGOUT;
2013-06-08@01:02:26;mastri;LOGIN;
2013-06-08@01:02:31;mastri;LOGOUT;
2013-06-08@01:02:42;kk;LOGIN;
2013-06-08@01:02:46;kk;LOGOUT;
2013-06-08@01:03:04;admin;LOGIN;
2013-06-08@01:03:45;admin;LOGOUT;
2013-06-08@01:03:49;kasi;LOGIN;
2013-06-08@01:09:21;kasi;"CHANGE ROLE";"user kasi mengganti role/bagian ke 2/1"
2013-06-08@01:15:54;admin;LOGIN;
2013-06-08@01:17:40;kk;LOGIN;
2013-06-08@01:17:48;admin;LOGOUT;
2013-06-08@01:20:36;kk;LOGOUT;
2013-06-08@01:21:08;admin;LOGIN;
2013-06-08@01:25:08;admin;LOGOUT;
2013-06-08@01:25:29;admin;LOGIN;
2013-06-08@01:26:57;admin;LOGOUT;
2013-06-08@09:26:44;kk;LOGIN;
2013-06-08@09:30:19;kk;LOGOUT;
2013-06-08@09:30:21;admin;LOGIN;
2013-06-08@13:09:42;admin;LOGOUT;
2013-06-08@13:09:48;kasi;LOGIN;
2013-06-08@13:09:54;kasi;"CHANGE ROLE";"user kasi mengganti role/bagian ke 2/1"
2013-06-08@14:45:11;mastri;LOGIN;
2013-06-08@16:47:09;mastri;LOGOUT;
2013-06-08@16:47:13;kk;LOGIN;
2013-06-08@16:48:45;kk;LOGOUT;
2013-06-08@16:48:47;admin;LOGIN;
2013-06-08@17:07:57;kasi;LOGIN;
2013-06-08@17:08:48;kasi;"CHANGE ROLE";"user kasi mengganti role/bagian ke 2/1"
2013-06-08@22:49:20;kasi;LOGOUT;
2013-06-08@22:49:22;admin;LOGIN;
2013-06-09@08:57:46;kk;LOGIN;
2013-06-09@10:31:50;admin;LOGIN;
2013-06-09@14:02:34;admin;LOGOUT;
2013-06-09@14:02:37;kk;LOGIN;
2013-06-09@14:42:11;kk;LOGOUT;
2013-06-09@14:42:12;admin;LOGIN;
2013-06-09@22:58:01;admin;LOGOUT;
2013-06-09@22:58:07;mastri;LOGIN;
2013-06-09@23:02:50;mastri;LOGOUT;
2013-06-09@23:02:53;kk;LOGIN;
2013-06-09@23:11:20;kk;LOGOUT;
2013-06-09@23:11:22;admin;LOGIN;
2013-06-09@23:17:57;admin;LOGOUT;
2013-06-09@23:18:03;kk;LOGIN;
2013-06-09@23:19:09;kk;LOGOUT;
2013-06-09@23:19:14;kasi;LOGIN;
2013-06-09@23:38:17;kasi;LOGOUT;
2013-06-09@23:38:19;admin;LOGIN;
2013-06-09@23:43:32;admin;LOGOUT;
2013-06-09@23:43:37;mastri;LOGIN;
2013-06-09@23:44:53;mastri;LOGOUT;
2013-06-09@23:45:00;kasi;LOGIN;
2013-06-09@23:45:15;kasi;LOGOUT;
